{
  "config": {
    "topology": "ota_5t",
    "diff_w_um": 8.0,
    "diff_l_um": 0.4,
    "mirror_w_um": 8.0,
    "mirror_l_um": 0.4,
    "tail_w_um": 2.0,
    "tail_l_um": 0.4,
    "vdd_v": 1.8,
    "vcm_v": 0.9,
    "vbias_v": 1.2,
    "step_amp_v": 0.05,
    "t_step_start_s": 1e-07,
    "t_end_s": 5e-07,
    "t_step_s": 1e-09,
    "device": "cuda"
  },
  "dc_op": {
    "v_tail_v": 0.13575251400470734,
    "v_left_v": 0.6113580465316772,
    "v_out_v": 0.6113027334213257,
    "report": {
      "converged": true,
      "iter_count": 5,
      "residual_norm_history": [
        8.026621799217537e-05,
        8.784634701441973e-06,
        1.8751597963273525e-07,
        1.8248101696372032e-08,
        9.1749825514853e-09,
        9.531504474580288e-10
      ],
      "final_residual_norm": 9.531504474580288e-10,
      "wall_ms": 1437.320267999894
    }
  },
  "transient": {
    "fno": {
      "report": {
        "converged": true,
        "iter_count": 12,
        "residual_norm_history": [
          3.7208501453278586e-05,
          3.5857090551871806e-05,
          3.431598815950565e-05,
          3.246979395044036e-05,
          3.0230476113501936e-05,
          2.74483572866302e-05,
          2.404172846581787e-05,
          1.9761158910114318e-05,
          1.4762677892576903e-05,
          8.601884474046528e-06,
          4.782921678270213e-06,
          2.4867549655027688e-06,
          4.025059752166271e-08
        ],
        "final_residual_norm": 4.025059752166271e-08,
        "wall_ms": 68366.78243499773
      },
      "slew_rate_v_per_us": 49.24736,
      "slew_time_ns": 21.999994714860804
    },
    "spice": {
      "iter_count": null,
      "wall_ms": 6716.005365000456,
      "slew_rate_v_per_us": 48.405914413486954,
      "slew_time_ns": 21.499999999999922
    },
    "pearson_r": 0.9997125492533713,
    "max_abs_error_v": 0.060959402698619325,
    "slew_rate_rel_err": 0.01738311519797674,
    "slew_time_rel_err": 0.02325556813306439
  }
}