{
  "config": {
    "topology": "cs_amp_active_load",
    "nfet_w_um": 1.6,
    "nfet_l_um": 0.4,
    "pfet_w_um": 2.5,
    "pfet_l_um": 0.4,
    "vdd_v": 1.8,
    "vin_bias_v": 0.81,
    "vin_off_bias_v": 1.0,
    "c_load_f": 1e-11,
    "t_step_s": 1e-08,
    "t_end_s": 5.1e-06,
    "device": "cpu"
  },
  "dc_op": {
    "nominal": {
      "metrics": {
        "vin_v": 0.81,
        "fno_v_out_v": 0.5998692512512207,
        "spice_v_out_v": 0.6007249229989459,
        "fno_i_static_a": 1.541740039101569e-05,
        "spice_i_static_a": 1.5645732095205615e-05,
        "iter_count": 4,
        "wall_ms": 604.5226790010929
      },
      "report": {
        "bias": "nominal",
        "vin_v": 0.81,
        "fno": {
          "v_out_v": 0.5998692512512207,
          "i_pfet_a": 1.5417695976793766e-05,
          "i_nfet_a": 1.5417104805237614e-05,
          "report": {
            "converged": true,
            "iter_count": 4,
            "residual_norm_history": [
              1.5684188838349655e-05,
              9.006504114950076e-06,
              3.7778499972773716e-06,
              1.8813989299815148e-07,
              5.911715561524034e-10
            ],
            "final_residual_norm": 5.911715561524034e-10,
            "wall_ms": 604.5226790010929
          }
        },
        "spice": {
          "v_out_v": 0.6007249229989459,
          "i_vdd_a": 1.5645732095205615e-05,
          "iter_count": 9,
          "wall_ms": 6341.486883000471
        },
        "rel_v_out_error_vdd": 0.0004753731931806455
      }
    },
    "off_bias": {
      "metrics": {
        "vin_v": 1.0,
        "fno_v_out_v": 0.35616376996040344,
        "spice_v_out_v": 0.34766421301253697,
        "fno_i_static_a": 5.3516441766987555e-05,
        "spice_i_static_a": 5.5665846738222564e-05,
        "iter_count": 5,
        "wall_ms": 526.8918549991213
      },
      "report": {
        "bias": "off_bias",
        "vin_v": 1.0,
        "fno": {
          "v_out_v": 0.35616376996040344,
          "i_pfet_a": 5.351664367481135e-05,
          "i_nfet_a": 5.351623985916376e-05,
          "report": {
            "converged": true,
            "iter_count": 5,
            "residual_norm_history": [
              6.062031025066972e-05,
              5.271143891150132e-05,
              2.8525066227302887e-05,
              7.051479769870639e-06,
              2.4673136067576706e-07,
              4.0381564758718014e-10
            ],
            "final_residual_norm": 4.0381564758718014e-10,
            "wall_ms": 526.8918549991213
          }
        },
        "spice": {
          "v_out_v": 0.34766421301253697,
          "i_vdd_a": 5.5665846738222564e-05,
          "iter_count": 8,
          "wall_ms": 6389.658800006146
        },
        "rel_v_out_error_vdd": 0.004721976082148039
      }
    }
  },
  "transient": {
    "fno": {
      "report": {
        "converged": true,
        "iter_count": 2,
        "residual_norm_history": [
          8.932971468311734e-06,
          1.2957568742422154e-06,
          1.5476917525347744e-08
        ],
        "final_residual_norm": 1.5476917525347744e-08,
        "wall_ms": 22067.73400498787
      },
      "settling_time_s": 2.0999999012237823e-07,
      "v_out_ic_v": 0.6007249229989459
    },
    "spice": {
      "iter_count": 1055,
      "wall_ms": 6719.108438002877,
      "settling_time_s": 1.9500000000000014e-07
    },
    "transient_r2": 0.9946434682468267,
    "transient_pearson_r": 0.9998047130051477,
    "transient_max_abs_error_v": 0.0023916541955962822
  },
  "speedup": {
    "fno_ms": {
      "cold_solver_ms": 19410.44726301334,
      "warm_solver_ms": 20193.677011993714,
      "cold_dc_iters": 4,
      "cold_tran_iters": 2,
      "warm_dc_iters": 4,
      "warm_tran_iters": 2
    },
    "spice_ms": {
      "cold_solver_ms": 12621.421452000504,
      "warm_solver_ms": 12482.438134000404,
      "cold_op_iters": 9,
      "cold_tran_iters": 1055,
      "warm_op_iters": 9,
      "warm_tran_iters": 1055
    },
    "notes": "cold_solver_ms is the first timed DC+transient pair after model load; warm_solver_ms is an immediate repeat. Compare to SPICE columns the same way."
  },
  "vtc": {
    "vin_v": [
      0.0,
      0.05,
      0.1,
      0.15000000000000002,
      0.2,
      0.25,
      0.30000000000000004,
      0.35000000000000003,
      0.4,
      0.45,
      0.5,
      0.55,
      0.6000000000000001,
      0.65,
      0.7000000000000001,
      0.75,
      0.8,
      0.8500000000000001,
      0.9,
      0.9500000000000001,
      1.0,
      1.05,
      1.1,
      1.1500000000000001,
      1.2000000000000002,
      1.25,
      1.3,
      1.35,
      1.4000000000000001,
      1.4500000000000002,
      1.5,
      1.55,
      1.6,
      1.6500000000000001,
      1.7000000000000002,
      1.75,
      1.8
    ],
    "fno_v_out_v": [
      1.2081791162490845,
      1.2081791162490845,
      1.2081791162490845,
      1.2081791162490845,
      1.2081791162490845,
      1.1939653158187866,
      1.1939653158187866,
      1.182625651359558,
      1.1719775199890137,
      1.0754221677780151,
      1.0154094696044922,
      0.9487065672874451,
      0.884272575378418,
      0.8197713494300842,
      0.7541842460632324,
      0.6848928332328796,
      0.613891065120697,
      0.5446175336837769,
      0.47764813899993896,
      0.4140006899833679,
      0.356164813041687,
      0.3071895241737366,
      0.2686063349246979,
      0.23960144817829132,
      0.21787557005882263,
      0.20113834738731384,
      0.1877751648426056,
      0.17679709196090698,
      0.1675925999879837,
      0.15972808003425598,
      0.15287593007087708,
      0.14680004119873047,
      0.14137065410614014,
      0.13655580580234528,
      0.13239404559135437,
      0.12895755469799042,
      0.1263197511434555
    ],
    "spice_v_out_v": [
      1.4528066588821702,
      1.4442748021512508,
      1.4241451404113699,
      1.3907265129912054,
      1.3492016653909857,
      1.305644684988413,
      1.2582745310263677,
      1.2067052810669807,
      1.1483976227392538,
      1.0829341847532363,
      1.0138988645632123,
      0.9460976381427841,
      0.8814962632499949,
      0.8182657175881952,
      0.7532252950557667,
      0.685154051989193,
      0.6148827807333483,
      0.5442026472621342,
      0.4748851198499757,
      0.4085575768425322,
      0.34762810837938657,
      0.29669802674221313,
      0.2596122132771264,
      0.23254401826798157,
      0.21219673039488085,
      0.19602077415496363,
      0.1827805082789664,
      0.17172483820296489,
      0.1623494759249859,
      0.1543027433218386,
      0.14733001279338298,
      0.14124108498618324,
      0.13589023952951074,
      0.13116346387616024,
      0.12696996291638388,
      0.12323633176544811,
      0.11990244615216436
    ],
    "r_squared": 0.9728162133120959,
    "pearson_r": 0.9932067355888657,
    "max_abs_error_v": 0.24462754263308573,
    "fno_wall_ms": 9283.821215998614,
    "spice_wall_ms": 6333.027214015601
  }
}