{"theta": [3.401792287826538, 3.352733612060547, 1.4054876565933228, 0.18000000715255737, 0.22147104144096375, 0.18000000715255737, 1.3043830394744873], "layout": ["W_diff_um", "W_mirror_um", "W_tail_um", "L_um", "V_bias_v"], "sims_total": 150}