{
  "config": {
    "topology": "ota_5t",
    "diff_w_um": 8.0,
    "diff_l_um": 0.4,
    "mirror_w_um": 8.0,
    "mirror_l_um": 0.4,
    "tail_w_um": 2.0,
    "tail_l_um": 0.4,
    "vdd_v": 1.8,
    "vcm_v": 0.9,
    "vbias_v": 1.2,
    "step_amp_v": 0.05,
    "t_step_start_s": 1e-07,
    "t_end_s": 5e-07,
    "t_step_s": 1e-09,
    "device": "cuda"
  },
  "dc_op": {
    "v_tail_v": 0.1357150375843048,
    "v_left_v": 0.6079026460647583,
    "v_out_v": 0.6079604029655457,
    "report": {
      "converged": true,
      "iter_count": 5,
      "residual_norm_history": [
        8.026621799217537e-05,
        8.814342436380684e-06,
        2.0958395907655358e-07,
        4.816683940589428e-09,
        1.2441887520253658e-09,
        8.36735125631094e-10
      ],
      "final_residual_norm": 8.36735125631094e-10,
      "wall_ms": 1471.5715020429343
    }
  },
  "transient": {
    "fno": {
      "report": {
        "converged": true,
        "iter_count": 11,
        "residual_norm_history": [
          3.719557571457699e-05,
          3.521204416756518e-05,
          3.3041102142306045e-05,
          3.049284714506939e-05,
          2.741588104981929e-05,
          2.373033930780366e-05,
          1.9176066416548565e-05,
          1.4316537999548018e-05,
          7.211387128336355e-06,
          3.587287210393697e-06,
          1.6064677765825763e-06,
          3.540480975061655e-08
        ],
        "final_residual_norm": 3.540480975061655e-08,
        "wall_ms": 63505.172348814085
      },
      "slew_rate_v_per_us": 47.921631999999995,
      "slew_time_ns": 24.99999141036824
    },
    "spice": {
      "iter_count": null,
      "wall_ms": 6254.025039030239,
      "slew_rate_v_per_us": 48.405914413486954,
      "slew_time_ns": 21.499999999999922
    },
    "pearson_r": 0.99966084728091,
    "max_abs_error_v": 0.06871571628118889,
    "slew_rate_rel_err": 0.01000461243950857,
    "slew_time_rel_err": 0.16279029815666649
  }
}