{
  "config": {
    "topology": "ota_5t",
    "diff_w_um": 8.0,
    "diff_l_um": 0.4,
    "mirror_w_um": 8.0,
    "mirror_l_um": 0.4,
    "tail_w_um": 2.0,
    "tail_l_um": 0.4,
    "vdd_v": 1.8,
    "vcm_v": 0.9,
    "vbias_v": 1.2,
    "step_amp_v": 0.05,
    "t_step_start_s": 1e-07,
    "t_end_s": 5e-07,
    "t_step_s": 1e-09,
    "device": "cuda"
  },
  "dc_op": {
    "v_tail_v": 0.1357150375843048,
    "v_left_v": 0.6079026460647583,
    "v_out_v": 0.6079604029655457,
    "report": {
      "converged": true,
      "iter_count": 5,
      "residual_norm_history": [
        8.026621799217537e-05,
        8.814342436380684e-06,
        2.0958395907655358e-07,
        4.816683940589428e-09,
        1.2441887520253658e-09,
        8.36735125631094e-10
      ],
      "final_residual_norm": 8.36735125631094e-10,
      "wall_ms": 1379.5708229299635
    }
  },
  "transient": {
    "fno": {
      "report": {
        "converged": true,
        "iter_count": 11,
        "residual_norm_history": [
          3.719557571457699e-05,
          3.5212076909374446e-05,
          3.304089113953523e-05,
          3.049270890187472e-05,
          2.7415848308010027e-05,
          2.373047755099833e-05,
          1.9176051864633337e-05,
          1.431609780411236e-05,
          7.211434422060847e-06,
          3.587410901673138e-06,
          1.6069589037215337e-06,
          3.52956703864038e-08
        ],
        "final_residual_norm": 3.52956703864038e-08,
        "wall_ms": 61530.72993387468
      },
      "slew_rate_v_per_us": 47.921535999999996,
      "slew_time_ns": 24.99999141036824
    },
    "spice": {
      "iter_count": null,
      "wall_ms": 6311.570840189233,
      "slew_rate_v_per_us": 48.405914413486954,
      "slew_time_ns": 21.499999999999922
    },
    "pearson_r": 0.9996608606547177,
    "max_abs_error_v": 0.06871547786260979,
    "slew_rate_rel_err": 0.01000659566823511,
    "slew_time_rel_err": 0.16279029815666649
  }
}