{
  "config": {
    "topology": "cs_amp_active_load",
    "nfet_w_um": 1.6,
    "nfet_l_um": 0.4,
    "pfet_w_um": 2.5,
    "pfet_l_um": 0.4,
    "vdd_v": 1.8,
    "vin_bias_v": 0.81,
    "vin_off_bias_v": 1.0,
    "c_load_f": 1e-11,
    "t_step_s": 1e-08,
    "t_end_s": 5.1e-06,
    "device": "cuda"
  },
  "dc_op": {
    "nominal": {
      "metrics": {
        "vin_v": 0.81,
        "fno_v_out_v": 0.5998389720916748,
        "spice_v_out_v": 0.6007249229989459,
        "fno_i_static_a": 1.542075551697053e-05,
        "spice_i_static_a": 1.5645732095205615e-05,
        "iter_count": 5,
        "wall_ms": 582.5748659990495
      },
      "report": {
        "bias": "nominal",
        "vin_v": 0.81,
        "fno": {
          "v_out_v": 0.5998389720916748,
          "i_pfet_a": 1.542076643090695e-05,
          "i_nfet_a": 1.542074460303411e-05,
          "report": {
            "converged": true,
            "iter_count": 5,
            "residual_norm_history": [
              1.5684281606809236e-05,
              9.005661922856234e-06,
              3.7802983570145443e-06,
              1.870776031864807e-07,
              4.867615643888712e-09,
              2.1827872842550278e-11
            ],
            "final_residual_norm": 2.1827872842550278e-11,
            "wall_ms": 582.5748659990495
          }
        },
        "spice": {
          "v_out_v": 0.6007249229989459,
          "i_vdd_a": 1.5645732095205615e-05,
          "iter_count": 9,
          "wall_ms": 6321.388833996025
        },
        "rel_v_out_error_vdd": 0.0004921949484839224
      }
    },
    "off_bias": {
      "metrics": {
        "vin_v": 1.0,
        "fno_v_out_v": 0.3561466932296753,
        "spice_v_out_v": 0.34766421301253697,
        "fno_i_static_a": 5.35199033038225e-05,
        "spice_i_static_a": 5.5665846738222564e-05,
        "iter_count": 6,
        "wall_ms": 226.7147179954918
      },
      "report": {
        "bias": "off_bias",
        "vin_v": 1.0,
        "fno": {
          "v_out_v": 0.3561466932296753,
          "i_pfet_a": 5.351977233658545e-05,
          "i_nfet_a": 5.352003427105956e-05,
          "report": {
            "converged": true,
            "iter_count": 6,
            "residual_norm_history": [
              6.061924432287924e-05,
              5.27076845173724e-05,
              2.8531396310427226e-05,
              7.05523052602075e-06,
              2.5722692953422666e-07,
              9.851646609604359e-09,
              2.6193447411060333e-10
            ],
            "final_residual_norm": 2.6193447411060333e-10,
            "wall_ms": 226.7147179954918
          }
        },
        "spice": {
          "v_out_v": 0.34766421301253697,
          "i_vdd_a": 5.5665846738222564e-05,
          "iter_count": 8,
          "wall_ms": 6288.7887969991425
        },
        "rel_v_out_error_vdd": 0.004712489009521289
      }
    }
  },
  "transient": {
    "fno": {
      "report": {
        "converged": true,
        "iter_count": 2,
        "residual_norm_history": [
          8.934939614846371e-06,
          1.2975536947124056e-06,
          2.1879358769183455e-08
        ],
        "final_residual_norm": 2.1879358769183455e-08,
        "wall_ms": 2087.274254998192
      },
      "settling_time_s": 2.0999999012237823e-07,
      "v_out_ic_v": 0.6007249229989459
    },
    "spice": {
      "iter_count": 1055,
      "wall_ms": 6338.592956002685,
      "settling_time_s": 1.9500000000000014e-07
    },
    "transient_r2": 0.9946335530341847,
    "transient_pearson_r": 0.9998054177565034,
    "transient_max_abs_error_v": 0.0023921906373992607
  },
  "speedup": {
    "fno_ms": {
      "cold_solver_ms": 1757.6504280004883,
      "warm_solver_ms": 1733.1788039882667,
      "cold_dc_iters": 5,
      "cold_tran_iters": 2,
      "warm_dc_iters": 5,
      "warm_tran_iters": 2
    },
    "spice_ms": {
      "cold_solver_ms": 12528.741916001309,
      "warm_solver_ms": 12677.873930006172,
      "cold_op_iters": 9,
      "cold_tran_iters": 1055,
      "warm_op_iters": 9,
      "warm_tran_iters": 1055
    },
    "notes": "cold_solver_ms is the first timed DC+transient pair after model load; warm_solver_ms is an immediate repeat. Compare to SPICE columns the same way."
  },
  "vtc": {
    "vin_v": [
      0.0,
      0.05,
      0.1,
      0.15000000000000002,
      0.2,
      0.25,
      0.30000000000000004,
      0.35000000000000003,
      0.4,
      0.45,
      0.5,
      0.55,
      0.6000000000000001,
      0.65,
      0.7000000000000001,
      0.75,
      0.8,
      0.8500000000000001,
      0.9,
      0.9500000000000001,
      1.0,
      1.05,
      1.1,
      1.1500000000000001,
      1.2000000000000002,
      1.25,
      1.3,
      1.35,
      1.4000000000000001,
      1.4500000000000002,
      1.5,
      1.55,
      1.6,
      1.6500000000000001,
      1.7000000000000002,
      1.75,
      1.8
    ],
    "fno_v_out_v": [
      1.208878517150879,
      1.208878517150879,
      1.208878517150879,
      1.208878517150879,
      1.208878517150879,
      1.190843939781189,
      1.190843939781189,
      1.190843939781189,
      1.170836091041565,
      1.0792046785354614,
      1.0151386260986328,
      0.9486880898475647,
      0.8842542171478271,
      0.8197699189186096,
      0.7541889548301697,
      0.6849128603935242,
      0.6139335632324219,
      0.5446410179138184,
      0.47766274213790894,
      0.41399556398391724,
      0.35614538192749023,
      0.3071901798248291,
      0.26862478256225586,
      0.23960791528224945,
      0.2178802192211151,
      0.20114025473594666,
      0.18777677416801453,
      0.17679576575756073,
      0.16758060455322266,
      0.15972396731376648,
      0.15286922454833984,
      0.1468062698841095,
      0.1413685828447342,
      0.13655665516853333,
      0.13239546120166779,
      0.12895584106445312,
      0.12631440162658691
    ],
    "spice_v_out_v": [
      1.4528066588821702,
      1.4442748021512508,
      1.4241451404113699,
      1.3907265129912054,
      1.3492016653909857,
      1.305644684988413,
      1.2582745310263677,
      1.2067052810669807,
      1.1483976227392538,
      1.0829341847532363,
      1.0138988645632123,
      0.9460976381427841,
      0.8814962632499949,
      0.8182657175881952,
      0.7532252950557667,
      0.685154051989193,
      0.6148827807333483,
      0.5442026472621342,
      0.4748851198499757,
      0.4085575768425322,
      0.34762810837938657,
      0.29669802674221313,
      0.2596122132771264,
      0.23254401826798157,
      0.21219673039488085,
      0.19602077415496363,
      0.1827805082789664,
      0.17172483820296489,
      0.1623494759249859,
      0.1543027433218386,
      0.14733001279338298,
      0.14124108498618324,
      0.13589023952951074,
      0.13116346387616024,
      0.12696996291638388,
      0.12323633176544811,
      0.11990244615216436
    ],
    "r_squared": 0.9729011243641977,
    "pearson_r": 0.9931625057334567,
    "max_abs_error_v": 0.2439281417312913,
    "fno_wall_ms": 3744.5176230103243,
    "spice_wall_ms": 6427.720637002494
  }
}