{
  "config": {
    "topology": "cs_amp_active_load",
    "nfet_w_um": 6.0,
    "nfet_l_um": 0.18,
    "pfet_w_um": 4.5,
    "pfet_l_um": 0.18,
    "vdd_v": 1.8,
    "vin_bias_v": 0.85,
    "vin_off_bias_v": 1.0,
    "c_load_f": 1e-11,
    "t_step_s": 1e-08,
    "t_end_s": 5.1e-06,
    "device": "cpu"
  },
  "dc_op": {
    "nominal": {
      "metrics": {
        "vin_v": 0.85,
        "fno_v_out_v": 0.5923450589179993,
        "spice_v_out_v": 0.6089407961672755,
        "fno_i_static_a": 0.00013267580652609468,
        "spice_i_static_a": 0.00012850328834025838,
        "iter_count": 4,
        "wall_ms": 543.8283060066169
      },
      "report": {
        "bias": "nominal",
        "vin_v": 0.85,
        "fno": {
          "v_out_v": 0.5923450589179993,
          "i_pfet_a": 0.00013267585018184036,
          "i_nfet_a": 0.000132675762870349,
          "report": {
            "converged": true,
            "iter_count": 4,
            "residual_norm_history": [
              0.0001299633295275271,
              6.046682392479852e-05,
              7.95532832853496e-06,
              8.232018444687128e-08,
              8.731149137020111e-11
            ],
            "final_residual_norm": 8.731149137020111e-11,
            "wall_ms": 543.8283060066169
          }
        },
        "spice": {
          "v_out_v": 0.6089407961672755,
          "i_vdd_a": 0.00012850328834025838,
          "iter_count": 9,
          "wall_ms": 6174.945138998737
        },
        "rel_v_out_error_vdd": 0.009219854027375672
      }
    },
    "off_bias": {
      "metrics": {
        "vin_v": 1.0,
        "fno_v_out_v": 0.30900245904922485,
        "spice_v_out_v": 0.3265712265600783,
        "fno_i_static_a": 0.00034859939478337765,
        "spice_i_static_a": 0.0003551309755583356,
        "iter_count": 5,
        "wall_ms": 475.188750999223
      },
      "report": {
        "bias": "off_bias",
        "vin_v": 1.0,
        "fno": {
          "v_out_v": 0.30900245904922485,
          "i_pfet_a": 0.0003485990164335817,
          "i_nfet_a": 0.0003485997731331736,
          "report": {
            "converged": true,
            "iter_count": 5,
            "residual_norm_history": [
              0.00040541053749620914,
              0.0003272104077041149,
              0.00019297603284940124,
              1.1388212442398071e-05,
              1.3061799108982086e-07,
              7.566995918750763e-10
            ],
            "final_residual_norm": 7.566995918750763e-10,
            "wall_ms": 475.188750999223
          }
        },
        "spice": {
          "v_out_v": 0.3265712265600783,
          "i_vdd_a": 0.0003551309755583356,
          "iter_count": 8,
          "wall_ms": 6162.464011002157
        },
        "rel_v_out_error_vdd": 0.009760426394918587
      }
    }
  },
  "transient": {
    "fno": {
      "report": {
        "converged": true,
        "iter_count": 3,
        "residual_norm_history": [
          8.741371857468039e-05,
          1.2546734069474041e-05,
          2.0928247579377057e-07,
          1.3458318903758482e-09
        ],
        "final_residual_norm": 1.3458318903758482e-09,
        "wall_ms": 27723.393694999686
      },
      "settling_time_s": 3.000000365082088e-08,
      "v_out_ic_v": 0.6089407961672755
    },
    "spice": {
      "iter_count": 1055,
      "wall_ms": 6791.706170995894,
      "settling_time_s": 2.5e-08
    },
    "transient_r2": -2.6578928093239282,
    "transient_pearson_r": 0.9974838141753478,
    "transient_max_abs_error_v": 0.025790513338508236
  },
  "speedup": {
    "fno_ms": {
      "cold_solver_ms": 26091.389907996927,
      "warm_solver_ms": 25852.92123000545,
      "cold_dc_iters": 4,
      "cold_tran_iters": 3,
      "warm_dc_iters": 4,
      "warm_tran_iters": 3
    },
    "spice_ms": {
      "cold_solver_ms": 13077.726371004246,
      "warm_solver_ms": 13018.717181999818,
      "cold_op_iters": 9,
      "cold_tran_iters": 1055,
      "warm_op_iters": 9,
      "warm_tran_iters": 1055
    },
    "notes": "cold_solver_ms is the first timed DC+transient pair after model load; warm_solver_ms is an immediate repeat. Compare to SPICE columns the same way."
  },
  "vtc": {
    "vin_v": [
      0.0,
      0.05,
      0.1,
      0.15000000000000002,
      0.2,
      0.25,
      0.30000000000000004,
      0.35000000000000003,
      0.4,
      0.45,
      0.5,
      0.55,
      0.6000000000000001,
      0.65,
      0.7000000000000001,
      0.75,
      0.8,
      0.8500000000000001,
      0.9,
      0.9500000000000001,
      1.0,
      1.05,
      1.1,
      1.1500000000000001,
      1.2000000000000002,
      1.25,
      1.3,
      1.35,
      1.4000000000000001,
      1.4500000000000002,
      1.5,
      1.55,
      1.6,
      1.6500000000000001,
      1.7000000000000002,
      1.75,
      1.8
    ],
    "fno_v_out_v": [
      1.7999999523162842,
      1.7999999523162842,
      1.7999999523162842,
      1.7999999523162842,
      1.7999999523162842,
      1.7999999523162842,
      1.7999999523162842,
      1.7434501647949219,
      1.321563482284546,
      1.2217949628829956,
      1.1545441150665283,
      1.0898994207382202,
      1.0260354280471802,
      0.9589518904685974,
      0.8833715319633484,
      0.7978616952896118,
      0.7012413740158081,
      0.5923451781272888,
      0.482718288898468,
      0.387545108795166,
      0.309002161026001,
      0.24811257421970367,
      0.20502622425556183,
      0.1765662580728531,
      0.15747883915901184,
      0.1437031626701355,
      0.13301478326320648,
      0.1242775171995163,
      0.11690910160541534,
      0.11061035841703415,
      0.10522239655256271,
      0.10065062344074249,
      0.09682563692331314,
      0.09368053078651428,
      0.09113722294569016,
      0.08911167830228806,
      0.08752309530973434
    ],
    "spice_v_out_v": [
      1.667091323255358,
      1.6383078434941314,
      1.6020233659766963,
      1.5624515430837809,
      1.5193559504958167,
      1.4726063899221367,
      1.4202670035191007,
      1.3605873373820003,
      1.2938337381746507,
      1.2230351990814643,
      1.1518669723880508,
      1.0833842543226784,
      1.0185203431736474,
      0.9543588863019595,
      0.8845883811671387,
      0.8034969010003484,
      0.7100122484891929,
      0.6088768989342395,
      0.5073637710369377,
      0.4115753786680587,
      0.3264645694344078,
      0.2587546210840954,
      0.21304033077031145,
      0.1837476704558319,
      0.16320476926556943,
      0.14798956141289407,
      0.13598897638684235,
      0.12623779300421728,
      0.11814134554092168,
      0.11130256890242404,
      0.1054467142217805,
      0.1003764319933745,
      0.0959455579344365,
      0.09204309931016984,
      0.08858300029578216,
      0.08549735512574075,
      0.08273176515013035
    ],
    "r_squared": 0.9494386133305522,
    "pearson_r": 0.9921007697926875,
    "max_abs_error_v": 0.38286282741292155,
    "fno_wall_ms": 56729.87457399722,
    "spice_wall_ms": 6165.520037000533
  }
}