{
  "config": {
    "nfet_widths_um": [
      0.36,
      0.6,
      1.0,
      1.6,
      2.5,
      4.0,
      6.0
    ],
    "pfet_widths_um": [
      0.36,
      0.7,
      1.4,
      2.5,
      4.5,
      8.0,
      14.0
    ],
    "vdd": 1.8,
    "nfet_l_um": 0.18,
    "pfet_l_um": 0.18,
    "vtc_step_v": 0.01,
    "vin_step_amplitude": 0.05,
    "t_step_start": 1e-07,
    "t_end": 5e-06,
    "t_step": 1e-08,
    "figure_c_load_f": 1e-11,
    "figure_t_window_s": 2e-07
  },
  "selection_rule": {
    "vout_min_v": 0.6,
    "vout_max_v": 1.2
  },
  "selected": {
    "point": {
      "nfet_w_um": 6.0,
      "pfet_w_um": 4.5
    },
    "metrics": {
      "converged": true,
      "peak_gain_v_per_v": 2.0519031123665847,
      "vin_at_peak_gain_v": 0.8500000000000005,
      "vout_at_peak_gain_v": 0.6089407918164571,
      "static_current_a": 0.00012850328834028494,
      "settling_time_s": 0.0
    },
    "figure_metrics": {
      "converged": true,
      "peak_gain_v_per_v": 2.0519031123665847,
      "vin_at_peak_gain_v": 0.8500000000000005,
      "vout_at_peak_gain_v": 0.6089407918164571,
      "static_current_a": 0.00012850328834028494,
      "settling_time_s": 2.5e-08
    }
  },
  "sweep": [
    {
      "point": {
        "nfet_w_um": 0.36,
        "pfet_w_um": 0.36
      },
      "metrics": {
        "converged": false,
        "peak_gain_v_per_v": NaN,
        "vin_at_peak_gain_v": NaN,
        "vout_at_peak_gain_v": NaN,
        "static_current_a": NaN,
        "settling_time_s": NaN
      }
    },
    {
      "point": {
        "nfet_w_um": 0.36,
        "pfet_w_um": 0.7
      },
      "metrics": {
        "converged": true,
        "peak_gain_v_per_v": 1.8546953655519758,
        "vin_at_peak_gain_v": 0.47000000000000025,
        "vout_at_peak_gain_v": 1.387833880135533,
        "static_current_a": 2.879912627278119e-09,
        "settling_time_s": 3.0000000000000004e-09
      }
    },
    {
      "point": {
        "nfet_w_um": 0.36,
        "pfet_w_um": 1.4
      },
      "metrics": {
        "converged": true,
        "peak_gain_v_per_v": 1.7403824396210013,
        "vin_at_peak_gain_v": 0.49000000000000027,
        "vout_at_peak_gain_v": 1.3590775099537336,
        "static_current_a": 5.1426210607890765e-09,
        "settling_time_s": 3.0000000000000004e-09
      }
    },
    {
      "point": {
        "nfet_w_um": 0.36,
        "pfet_w_um": 2.5
      },
      "metrics": {
        "converged": true,
        "peak_gain_v_per_v": 1.6443039996015898,
        "vin_at_peak_gain_v": 0.5100000000000002,
        "vout_at_peak_gain_v": 1.3339953899861134,
        "static_current_a": 9.068706208962822e-09,
        "settling_time_s": 3.0000000000000004e-09
      }
    },
    {
      "point": {
        "nfet_w_um": 0.36,
        "pfet_w_um": 4.5
      },
      "metrics": {
        "converged": true,
        "peak_gain_v_per_v": 1.5594105965232785,
        "vin_at_peak_gain_v": 0.5300000000000002,
        "vout_at_peak_gain_v": 1.3229083629571403,
        "static_current_a": 1.583723049249902e-08,
        "settling_time_s": 3.0000000000000004e-09
      }
    },
    {
      "point": {
        "nfet_w_um": 0.36,
        "pfet_w_um": 8.0
      },
      "metrics": {
        "converged": true,
        "peak_gain_v_per_v": 1.4395948262363447,
        "vin_at_peak_gain_v": 0.5500000000000003,
        "vout_at_peak_gain_v": 1.3132416945411678,
        "static_current_a": 2.7090404389190195e-08,
        "settling_time_s": 6.9999999999999965e-09
      }
    },
    {
      "point": {
        "nfet_w_um": 0.36,
        "pfet_w_um": 14.0
      },
      "metrics": {
        "converged": true,
        "peak_gain_v_per_v": 1.3657920534513863,
        "vin_at_peak_gain_v": 0.5600000000000003,
        "vout_at_peak_gain_v": 1.3266090613367172,
        "static_current_a": 3.5495451388359983e-08,
        "settling_time_s": 6.9999999999999965e-09
      }
    },
    {
      "point": {
        "nfet_w_um": 0.6,
        "pfet_w_um": 0.36
      },
      "metrics": {
        "converged": false,
        "peak_gain_v_per_v": NaN,
        "vin_at_peak_gain_v": NaN,
        "vout_at_peak_gain_v": NaN,
        "static_current_a": NaN,
        "settling_time_s": NaN
      }
    },
    {
      "point": {
        "nfet_w_um": 0.6,
        "pfet_w_um": 0.7
      },
      "metrics": {
        "converged": true,
        "peak_gain_v_per_v": 1.6418523611425968,
        "vin_at_peak_gain_v": 0.4300000000000002,
        "vout_at_peak_gain_v": 1.3453061611525752,
        "static_current_a": 5.562758840288372e-09,
        "settling_time_s": 9.999999999999957e-10
      }
    },
    {
      "point": {
        "nfet_w_um": 0.6,
        "pfet_w_um": 1.4
      },
      "metrics": {
        "converged": true,
        "peak_gain_v_per_v": 1.5652809888446058,
        "vin_at_peak_gain_v": 0.45000000000000023,
        "vout_at_peak_gain_v": 1.3227123864939467,
        "static_current_a": 9.243942959047709e-09,
        "settling_time_s": 9.999999999999957e-10
      }
    },
    {
      "point": {
        "nfet_w_um": 0.6,
        "pfet_w_um": 2.5
      },
      "metrics": {
        "converged": true,
        "peak_gain_v_per_v": 1.5059438809374726,
        "vin_at_peak_gain_v": 0.48000000000000026,
        "vout_at_peak_gain_v": 1.287445863516255,
        "static_current_a": 1.9537608604789075e-08,
        "settling_time_s": 0.0
      }
    },
    {
      "point": {
        "nfet_w_um": 0.6,
        "pfet_w_um": 4.5
      },
      "metrics": {
        "converged": true,
        "peak_gain_v_per_v": 1.4655653753733873,
        "vin_at_peak_gain_v": 0.5000000000000002,
        "vout_at_peak_gain_v": 1.2805247754878375,
        "static_current_a": 3.215175124878266e-08,
        "settling_time_s": 9.999999999999957e-10
      }
    },
    {
      "point": {
        "nfet_w_um": 0.6,
        "pfet_w_um": 8.0
      },
      "metrics": {
        "converged": true,
        "peak_gain_v_per_v": 1.3875813003144515,
        "vin_at_peak_gain_v": 0.5300000000000002,
        "vout_at_peak_gain_v": 1.261264914997283,
        "static_current_a": 6.609848858063316e-08,
        "settling_time_s": 0.0
      }
    },
    {
      "point": {
        "nfet_w_um": 0.6,
        "pfet_w_um": 14.0
      },
      "metrics": {
        "converged": true,
        "peak_gain_v_per_v": 1.3400003810921106,
        "vin_at_peak_gain_v": 0.5400000000000003,
        "vout_at_peak_gain_v": 1.2772662872872242,
        "static_current_a": 8.461119408655168e-08,
        "settling_time_s": 9.999999999999957e-10
      }
    },
    {
      "point": {
        "nfet_w_um": 1.0,
        "pfet_w_um": 0.36
      },
      "metrics": {
        "converged": false,
        "peak_gain_v_per_v": NaN,
        "vin_at_peak_gain_v": NaN,
        "vout_at_peak_gain_v": NaN,
        "static_current_a": NaN,
        "settling_time_s": NaN
      }
    },
    {
      "point": {
        "nfet_w_um": 1.0,
        "pfet_w_um": 0.7
      },
      "metrics": {
        "converged": true,
        "peak_gain_v_per_v": 1.9493071587193782,
        "vin_at_peak_gain_v": 0.8900000000000006,
        "vout_at_peak_gain_v": 0.6019911584476947,
        "static_current_a": 2.4156227018212934e-05,
        "settling_time_s": 0.0
      }
    },
    {
      "point": {
        "nfet_w_um": 1.0,
        "pfet_w_um": 1.4
      },
      "metrics": {
        "converged": true,
        "peak_gain_v_per_v": 1.7807752030621202,
        "vin_at_peak_gain_v": 0.45000000000000023,
        "vout_at_peak_gain_v": 1.3219355391586307,
        "static_current_a": 9.359175749486725e-09,
        "settling_time_s": 9.999999999999957e-10
      }
    },
    {
      "point": {
        "nfet_w_um": 1.0,
        "pfet_w_um": 2.5
      },
      "metrics": {
        "converged": true,
        "peak_gain_v_per_v": 1.706108667459148,
        "vin_at_peak_gain_v": 0.47000000000000025,
        "vout_at_peak_gain_v": 1.2976762479341153,
        "static_current_a": 1.654215964173176e-08,