{
  "config": {
    "topology": "ota_5t",
    "diff_w_um": 8.0,
    "diff_l_um": 0.5,
    "mirror_w_um": 8.0,
    "mirror_l_um": 0.5,
    "tail_w_um": 2.0,
    "tail_l_um": 0.5,
    "vdd_v": 1.8,
    "vcm_v": 0.9,
    "vbias_v": 1.2,
    "step_amp_v": 0.05,
    "t_step_start_s": 1e-07,
    "t_end_s": 5e-07,
    "t_step_s": 1e-09,
    "device": "cuda"
  },
  "dc_op": {
    "v_tail_v": 0.13975249230861664,
    "v_left_v": 0.5870479941368103,
    "v_out_v": 0.5870479941368103,
    "report": {
      "converged": true,
      "iter_count": 6,
      "residual_norm_history": [
        7.872245623730123e-05,
        9.470211807638407e-06,
        2.653614501468837e-07,
        5.2532413974404335e-09,
        1.899024937301874e-09,
        1.5279510989785194e-09,
        5.384208634495735e-10
      ],
      "final_residual_norm": 5.384208634495735e-10,
      "wall_ms": 1293.8143559731543
    }
  },
  "transient": {
    "fno": {
      "report": {
        "converged": true,
        "iter_count": 12,
        "residual_norm_history": [
          3.194530654582195e-05,
          3.052131432923488e-05,
          2.9013015591772273e-05,
          2.7216592570766807e-05,
          2.5082332285819575e-05,
          2.2480795450974256e-05,
          1.9323710148455575e-05,
          1.5467074263142422e-05,
          1.1552125215530396e-05,
          8.336635801242664e-06,
          7.4409545050002635e-06,
          9.80746335699223e-07,
          2.5560439098626375e-08
        ],
        "final_residual_norm": 2.5560439098626375e-08,
        "wall_ms": 64985.33994797617
      },
      "slew_rate_v_per_us": 42.47392,
      "slew_time_ns": 28.000002316730388
    },
    "spice": {
      "iter_count": null,
      "wall_ms": 6239.276419160888,
      "slew_rate_v_per_us": 40.465769059873814,
      "slew_time_ns": 25.7999999999999
    },
    "pearson_r": 0.9996595216824266,
    "max_abs_error_v": 0.0688711185523394,
    "slew_rate_rel_err": 0.049625918072998744,
    "slew_time_rel_err": 0.08527140762521299
  }
}