{
  "config": {
    "topology": "cs_amp_active_load",
    "nfet_w_um": 6.0,
    "nfet_l_um": 0.18,
    "pfet_w_um": 4.5,
    "pfet_l_um": 0.18,
    "vdd_v": 1.8,
    "vin_bias_v": 0.85,
    "vin_off_bias_v": 1.0,
    "c_load_f": 1e-11,
    "t_step_s": 1e-08,
    "t_end_s": 5.1e-06,
    "device": "cuda"
  },
  "dc_op": {
    "nominal": {
      "metrics": {
        "vin_v": 0.85,
        "fno_v_out_v": 0.5923649668693542,
        "spice_v_out_v": 0.6089407961672755,
        "fno_i_static_a": 0.00013266344467410818,
        "spice_i_static_a": 0.00012850328834025838,
        "iter_count": 5,
        "wall_ms": 424.40028399869334
      },
      "report": {
        "bias": "nominal",
        "vin_v": 0.85,
        "fno": {
          "v_out_v": 0.5923649668693542,
          "i_pfet_a": 0.00013266369933262467,
          "i_nfet_a": 0.00013266319001559168,
          "report": {
            "converged": true,
            "iter_count": 5,
            "residual_norm_history": [
              0.00012996788427699357,
              6.046432099537924e-05,
              7.9646852100268e-06,
              7.022754289209843e-08,
              6.184563972055912e-09,
              5.093170329928398e-10
            ],
            "final_residual_norm": 5.093170329928398e-10,
            "wall_ms": 424.40028399869334
          }
        },
        "spice": {
          "v_out_v": 0.6089407961672755,
          "i_vdd_a": 0.00012850328834025838,
          "iter_count": 9,
          "wall_ms": 6333.617919997778
        },
        "rel_v_out_error_vdd": 0.009208794054400683
      }
    },
    "off_bias": {
      "metrics": {
        "vin_v": 1.0,
        "fno_v_out_v": 0.30900612473487854,
        "spice_v_out_v": 0.3265712265600783,
        "fno_i_static_a": 0.0003485957713564858,
        "spice_i_static_a": 0.0003551309755583356,
        "iter_count": 7,
        "wall_ms": 255.80978200014215
      },
      "report": {
        "bias": "off_bias",
        "vin_v": 1.0,
        "fno": {
          "v_out_v": 0.30900612473487854,
          "i_pfet_a": 0.0003485962515696883,
          "i_nfet_a": 0.00034859529114328325,
          "report": {
            "converged": true,
            "iter_count": 7,
            "residual_norm_history": [
              0.0004054082091897726,
              0.0003272449248470366,
              0.00019297450489830226,
              1.1416937923058867e-05,
              1.1676456779241562e-07,
              8.672941476106644e-09,
              1.367880031466484e-09,
              9.604264050722122e-10
            ],
            "final_residual_norm": 9.604264050722122e-10,
            "wall_ms": 255.80978200014215
          }
        },
        "spice": {
          "v_out_v": 0.3265712265600783,
          "i_vdd_a": 0.0003551309755583356,
          "iter_count": 8,
          "wall_ms": 6248.805594994337
        },
        "rel_v_out_error_vdd": 0.009758389902888761
      }
    }
  },
  "transient": {
    "fno": {
      "report": {
        "converged": true,
        "iter_count": 3,
        "residual_norm_history": [
          8.74059769557789e-05,
          1.2520580639829859e-05,
          2.60927748740869e-07,
          7.285488834440912e-08
        ],
        "final_residual_norm": 7.285488834440912e-08,
        "wall_ms": 2787.8823970022495
      },
      "settling_time_s": 3.000000365082088e-08,
      "v_out_ic_v": 0.6089407961672755
    },
    "spice": {
      "iter_count": 1055,
      "wall_ms": 6444.1971970009035,
      "settling_time_s": 2.5e-08
    },
    "transient_r2": -2.6595326130810877,
    "transient_pearson_r": 0.9974817770961444,
    "transient_max_abs_error_v": 0.025782377304496396
  },
  "speedup": {
    "fno_ms": {
      "cold_solver_ms": 2873.7686430031317,
      "warm_solver_ms": 2697.0921190004447,
      "cold_dc_iters": 5,
      "cold_tran_iters": 3,
      "warm_dc_iters": 5,
      "warm_tran_iters": 3
    },
    "spice_ms": {
      "cold_solver_ms": 13335.718369999086,
      "warm_solver_ms": 13031.044929004565,
      "cold_op_iters": 9,
      "cold_tran_iters": 1055,
      "warm_op_iters": 9,
      "warm_tran_iters": 1055
    },
    "notes": "cold_solver_ms is the first timed DC+transient pair after model load; warm_solver_ms is an immediate repeat. Compare to SPICE columns the same way."
  },
  "vtc": {
    "vin_v": [
      0.0,
      0.05,
      0.1,
      0.15000000000000002,
      0.2,
      0.25,
      0.30000000000000004,
      0.35000000000000003,
      0.4,
      0.45,
      0.5,
      0.55,
      0.6000000000000001,
      0.65,
      0.7000000000000001,
      0.75,
      0.8,
      0.8500000000000001,
      0.9,
      0.9500000000000001,
      1.0,
      1.05,
      1.1,
      1.1500000000000001,
      1.2000000000000002,
      1.25,
      1.3,
      1.35,
      1.4000000000000001,
      1.4500000000000002,
      1.5,
      1.55,
      1.6,
      1.6500000000000001,
      1.7000000000000002,
      1.75,
      1.8
    ],
    "fno_v_out_v": [
      1.7999999523162842,
      1.7999999523162842,
      1.7999999523162842,
      1.7999999523162842,
      1.7999999523162842,
      1.7999999523162842,
      1.7999999523162842,
      1.3471715450286865,
      1.3216495513916016,
      1.2220121622085571,
      1.1545448303222656,
      1.0899109840393066,
      1.026017665863037,
      0.958970844745636,
      0.8833579421043396,
      0.7978633642196655,
      0.7012144327163696,
      0.5923650860786438,
      0.4827065169811249,
      0.387553334236145,
      0.30900681018829346,
      0.2481209933757782,
      0.2050229012966156,
      0.17657439410686493,
      0.15748251974582672,
      0.1436937302350998,
      0.13301172852516174,
      0.12427891790866852,
      0.11689533293247223,
      0.11060523986816406,
      0.10521340370178223,
      0.10064218193292618,
      0.09681570529937744,
      0.09368111938238144,
      0.09112429618835449,
      0.08910306543111801,
      0.08751783519983292
    ],
    "spice_v_out_v": [
      1.667091323255358,
      1.6383078434941314,
      1.6020233659766963,
      1.5624515430837809,
      1.5193559504958167,
      1.4726063899221367,
      1.4202670035191007,
      1.3605873373820003,
      1.2938337381746507,
      1.2230351990814643,
      1.1518669723880508,
      1.0833842543226784,
      1.0185203431736474,
      0.9543588863019595,
      0.8845883811671387,
      0.8034969010003484,
      0.7100122484891929,
      0.6088768989342395,
      0.5073637710369377,
      0.4115753786680587,
      0.3264645694344078,
      0.2587546210840954,
      0.21304033077031145,
      0.1837476704558319,
      0.16320476926556943,
      0.14798956141289407,
      0.13598897638684235,
      0.12623779300421728,
      0.11814134554092168,
      0.11130256890242404,
      0.1054467142217805,
      0.1003764319933745,
      0.0959455579344365,
      0.09204309931016984,
      0.08858300029578216,
      0.08549735512574075,
      0.08273176515013035
    ],
    "r_squared": 0.9613916369428063,
    "pearson_r": 0.9929450590266838,
    "max_abs_error_v": 0.37973294879718344,
    "fno_wall_ms": 55587.20031499979,
    "spice_wall_ms": 6537.779386999318
  }
}