{"theta": [3.581651210784912, 3.5365006923675537, 1.5983030796051025, 0.18000000715255737, 0.18000000715255737, 0.18000000715255737, 1.4940755367279053], "layout": ["W_diff_um", "W_mirror_um", "W_tail_um", "L_um", "V_bias_v"], "sims_total": 400}